Talkdesk,https://www.gartner.com//reviews/market/contact-center-as-a-service/vendor/talkdesk/product/talkdesk
CXone,https://www.gartner.com//reviews/market/contact-center-as-a-service/vendor/nice/product/cxone
Five9 Intelligent Cloud Contact Center,https://www.gartner.com//reviews/market/contact-center-as-a-service/vendor/five9/product/five9-intelligent-cloud-contact-center
Genesys Cloud CX,https://www.gartner.com//reviews/market/contact-center-as-a-service/vendor/genesys/product/genesys-cloud-cx
Vonage Contact Center,https://www.gartner.com//reviews/market/contact-center-as-a-service/vendor/vonage/product/vonage-contact-center
Amazon Connect,https://www.gartner.com//reviews/market/contact-center-as-a-service/vendor/amazon-web-services/product/amazon-connect
Dialpad Ai Contact Center,https://www.gartner.com//reviews/market/contact-center-as-a-service/vendor/dialpad/product/dialpad-ai-contact-center
storm CONTACT,https://www.gartner.com//reviews/market/contact-center-as-a-service/vendor/content-guru/product/storm-contact
8x8 Contact Center,https://www.gartner.com//reviews/market/contact-center-as-a-service/vendor/8x8/product/8x8-contact-center
Webex Contact Center,https://www.gartner.com//reviews/market/contact-center-as-a-service/vendor/cisco/product/webex-contact-center
Odigo,https://www.gartner.com//reviews/market/contact-center-as-a-service/vendor/odigo/product/odigo
CloudTalk,https://www.gartner.com//reviews/market/contact-center-as-a-service/vendor/cloudtalk/product/cloudtalk
RingCentral Contact Center,https://www.gartner.com//reviews/market/contact-center-as-a-service/vendor/ringcentral/product/ringcentral-contact-center
Alvaria Cloud,https://www.gartner.com//reviews/market/contact-center-as-a-service/vendor/alvaria/product/alvaria-cloud
PureConnect Cloud (Legacy),https://www.gartner.com//reviews/market/contact-center-as-a-service/vendor/genesys/product/pureconnect-cloud-legacy
Genesys Multicloud CX (Legacy),https://www.gartner.com//reviews/market/contact-center-as-a-service/vendor/genesys/product/genesys-multicloud-cx
Sprinklr Service,https://www.gartner.com//reviews/market/contact-center-as-a-service/vendor/sprinklr/product/sprinklr-service
IFS Customer Engagement,https://www.gartner.com//reviews/market/contact-center-as-a-service/vendor/ifs/product/customer-engagement
CxEngage,https://www.gartner.com//reviews/market/contact-center-as-a-service/vendor/lifesize/product/cxengage
Glia,https://www.gartner.com//reviews/market/contact-center-as-a-service/vendor/glia/product/glia
Evolve IP CCaaS,https://www.gartner.com//reviews/market/contact-center-as-a-service/vendor/evolve-ip/product/evolve-ip-ccaas
Noble Cloud (Legacy),https://www.gartner.com//reviews/market/contact-center-as-a-service/vendor/alvaria/product/noble-cloud-legacy
Puzzel Contact Centre,https://www.gartner.com//reviews/market/contact-center-as-a-service/vendor/puzzel/product/puzzel-contact-centre
Twilio Flex,https://www.gartner.com//reviews/market/contact-center-as-a-service/vendor/twilio/product/twilio-flex
UJET Cloud Contact Center Platform,https://www.gartner.com//reviews/market/contact-center-as-a-service/vendor/ujet/product/ujet-cloud-contact-center-platform
Telia ACE,https://www.gartner.com//reviews/market/contact-center-as-a-service/vendor/telia-company/product/telia-ace
Avaya Experience Platform,https://www.gartner.com//reviews/market/contact-center-as-a-service/vendor/avaya/product/avaya-experience-platform
JustCall,https://www.gartner.com//reviews/market/contact-center-as-a-service/vendor/justcall/product/justcall
novomind iAGENT,https://www.gartner.com//reviews/market/contact-center-as-a-service/vendor/novomind/product/novomind-iagent
BSI Customer Suite,https://www.gartner.com//reviews/market/contact-center-as-a-service/vendor/bsi/product/bsi-customer-suite
Avaya Aura Contact Center (Legacy),https://www.gartner.com//reviews/market/contact-center-as-a-service/vendor/avaya/product/avaya-aura-contact-center-legacy
ice Contact Center,https://www.gartner.com//reviews/market/contact-center-as-a-service/vendor/computertalk/product/ice-contact-center
Anywhere365 Dialogue Cloud,https://www.gartner.com//reviews/market/contact-center-as-a-service/vendor/anywhere365/product/anywhere365-dialogue-cloud
WL Contact,https://www.gartner.com//reviews/market/contact-center-as-a-service/vendor/worldline/product/wl-contact
Ozonetel CloudAgent,https://www.gartner.com//reviews/market/contact-center-as-a-service/vendor/ozonetel/product/ozonetel-cloudagent
Bright Pattern Contact Center,https://www.gartner.com//reviews/market/contact-center-as-a-service/vendor/bright-pattern/product/bright-pattern-contact-center
IX Contact Center (Legacy),https://www.gartner.com//reviews/market/contact-center-as-a-service/vendor/avaya/product/ix-contact-center-legacy
CZ Omni,https://www.gartner.com//reviews/market/contact-center-as-a-service/vendor/c-zentrix/product/cz-omni
Switchvox Cloud,https://www.gartner.com//reviews/market/contact-center-as-a-service/vendor/sangoma/product/switchvox-cloud
Vocalcom Hermes360,https://www.gartner.com//reviews/market/contact-center-as-a-service/vendor/vocalcom/product/vocalcom-hermes360
Sinch Contact Pro,https://www.gartner.com//reviews/market/contact-center-as-a-service/vendor/sinch/product/sinch-contact-pro
SharpenCX,https://www.gartner.com//reviews/market/contact-center-as-a-service/vendor/sharpencx/product/sharpencx
